IPAddress,ResponseId
172.101.75.133,R_broJYz5hiQFILx7
68.32.223.215,R_veGuztOKLKtUp45
172.58.22.226,R_2sZq1lI5yVHen5q
24.178.44.124,R_3j0QOXjiHGPr9C7
69.115.186.150,R_R1SMUiZrNiMOk93
69.62.201.116,R_11cQKQ4oyK93gqw
98.33.16.76,R_1MJDaLQ9vlUbVQJ
72.177.10.130,R_OJ5XK2Ui9tX3Crn
98.111.207.14,R_ZglOlWHrhRaErv3
69.76.135.165,R_3ERzCX992igThIO
68.192.46.245,R_1hJSIXnjrpEC7el
74.76.216.51,R_VU2YGRlVLjPdBG9
74.98.231.111,R_3M0s8ploMtyTajx
99.60.18.68,R_1NfDR6BjNA95cfE
104.173.192.13,R_3EieqfL2ZBjt3Fj
47.224.3.201,R_1BUZ6RX3mlBYIe0
97.105.25.194,R_3hiSvzIupT6h8rI
67.231.200.151,R_21sU8HQUqtdTH7r
74.105.118.251,R_2w0pBE3ioGAo0pP
24.220.143.163,R_3qlGWlkey9y1C2T
74.70.170.251,R_3CNsntMWERdvPll
68.207.54.114,R_22ry9otxe1fgeht
205.213.50.254,R_2y1TYlzvKt12Lr5
173.239.198.83,R_248HRcNoGVcOUAw
82.102.30.98,R_3UhodzVYTT4fGh3
65.26.198.50,R_3Do2RLogwt8RK6K
97.102.0.185,R_3iVyB6IEZFzNo6f
100.40.168.85,R_33eufC6RTVan2JV
68.2.128.224,R_3rYUbBDs8WdtP3X
76.27.14.202,R_25MhVbieMrS8mim
97.104.74.252,R_1DLT8vSnDZGp81U
24.216.68.188,R_SIV98CW1CNcUcKZ
75.188.140.30,R_SNqsZqyC3XyB7oJ
69.73.90.152,R_1Ns8wRYjT4g9Ijy
23.244.68.238,R_2YhmOVPElbj7NN7
73.22.189.25,R_21G0sMb0iFb1A0H
69.14.250.152,R_1NzwmWhYyo6t1hB
50.235.77.195,R_1NkKsYNK47oqte3
65.249.164.94,R_YYtd87rKEd2STYZ
73.169.119.154,R_0JnHnICznGj5ih3
24.169.2.70,R_R2dwpOz6jrkP9pT
47.153.249.215,R_2tLPUnuQo6HYu7T
69.128.61.152,R_3EhX41rYyisvBHN
174.84.9.57,R_3PZxfGdUA3gEj9r
157.131.205.46,R_3fiVzR7Nczl5VMV
63.152.103.122,R_2thY6gtz80E0wgh
107.222.115.69,R_21c8XbkV1wzO8J3
104.50.89.207,R_Zz5xVBGGjqEBcXv
69.254.114.69,R_1eqRRv3JTLRoZvb
73.185.5.157,R_2z5x4AlTuzQS5h7
32.210.205.71,R_1eOBSBuNjoTWVPW
99.105.80.78,R_10NRZop9fmdyoQV
98.228.202.138,R_rkWGvoNmxhsNNhT
67.242.56.2,R_1Ioa9maAuGmIPSU
24.1.57.238,R_OptHzjnDeNZ2vT3
99.33.63.102,R_2pLAoTQk0JSA1U3
174.97.211.8,R_3HhH7GXwP8D8qm7
76.27.223.143,R_RCUfg76cut1qIvv
104.53.143.130,R_3PiuTg9fgeyponk
104.37.174.104,R_1Cj8obEVCtqrItn
76.106.207.189,R_2BkUmuAb79v517S
75.174.144.110,R_2bVj2CVN1l4BdkJ
107.139.220.63,R_1Ca7AhLJZEaklXz
24.170.233.56,R_22JQDMgIxrKK1kj
75.130.218.171,R_USjdfzkWJMpR2hz
172.78.31.1,R_125s2xBXl8pLoDG
103.110.237.143,R_Rnb86cLk7vxoWOZ
50.36.1.161,R_1g2e7DdS3MVb8QZ
72.181.85.51,R_ZErXO8V3EvJK5KV
68.9.32.196,R_2trQ3F3CiKyUVhl
99.10.204.105,R_3jUv43ZYtriooVs
104.229.232.122,R_0HTd3pwu0IwZdM5
45.31.71.208,R_1mCXxIQmwrxMYHN
67.149.178.103,R_UMwMzhfY0amHkhX
70.175.35.66,R_3G7Hd4j2Q0RTvJ3
142.197.153.244,R_UsczA6rmtarvVMR
75.161.43.115,R_3hi1onfsezabnxi
174.54.173.100,R_3J2S01GtlsgRGin
198.228.80.162,R_21sU08e6GMYCxnO
73.213.235.110,R_1ifBOEk68MJK9Dw
172.2.161.88,R_1Nn0HRopQufYeGb
96.32.19.28,R_31i3QgH4BmcADaw
104.129.204.59,R_t0vpQgQI0BVsj8B
71.84.234.252,R_xmjG5QVptNfOa9r
50.102.194.22,R_3LXTVl08Y31IoYE
141.193.194.217,R_AKvupdcpusthlXb
185.245.87.200,R_2vi6AAN2JudMtvm
71.68.138.160,R_2SxJDQXyoMPYqbf
72.210.45.108,R_4JaOXxHqSESmdJD
38.27.123.30,R_uf6KZWyOhUenROp
71.237.55.234,R_3J1X0lImKTBcVic
68.48.166.51,R_1FbtPPO9G7XEggs
206.213.251.31,R_cG5L7C2Jzmva74Z
97.66.215.85,R_3jZFhF8zq3wAQ6V
143.59.205.88,R_2tx56McE7vUnrVj
107.134.196.158,R_1IoqqU9G1sguAhJ
69.139.24.14,R_2tfIYm3vQ01G2vX
40.124.28.66,R_1pyRpyOKOdNGZXf
71.197.178.238,R_25XcvAmHfbzkUQl
172.251.100.127,R_1KfIYnzBVgYHgk8
172.11.51.206,R_3iNZ6k5WRVJ7wjP
73.70.94.214,R_3iWR4BGGSWwbd9e
67.168.97.71,R_1NadDpc0st08tZM
73.41.22.225,R_1PRcyQkXffhgZof
73.245.132.58,R_2OVURDwybMaPAew
24.147.17.197,R_PvrGOd9kBkqv8EV
108.35.88.205,R_3vKGKCI7TqpA0x3
68.49.112.179,R_9uXW9vZxlDJODMl
52.229.56.246,R_2ScZcv77zC3TDVf
50.107.161.44,R_eVcvJh0iMiFnN8B
98.212.214.93,R_12FSUNVlBPaftgO
108.69.93.133,R_3fIXPWmL53k0Lsj
165.225.39.101,R_2UhXkEDuFblmekP
191.101.160.76,R_2U3qZBDawa4mS92
24.155.209.131,R_cGZEUOwHsVPooWR
69.219.162.88,R_UmrlIMwySwGRaQV
173.88.185.110,R_3OeNxsz5E6BvTzj
47.227.118.95,R_3qdGOsQYTPPbXSo
70.44.129.143,R_XX2SX16ThrhvWp3
172.249.109.29,R_Y5h6IRnbcll8htT
68.32.163.211,R_2arDzd3q7tJPBft
67.183.104.129,R_w5AdWtdIfx2X6CZ
184.98.69.240,R_u8v60pOBtIqD6jn
50.238.252.146,R_0TVKLWXo3bv39tf
162.231.129.70,R_1CkW3vpxWTDkwHa
96.248.74.93,R_1gTJmFPvikGaXq6
73.22.174.52,R_zVh63Nc4zlCU42B
38.68.53.1,R_24l9le43F1xR85Y
76.187.146.175,R_1PRbW7fahzCxExv
70.39.83.14,R_XMQyYdBTgPDAt6p
107.77.220.56,R_3EGbL1rc6FpBPBN
69.251.195.1,R_3n27ZwXcRukuC5S
181.214.113.245,R_1IbKDbrlTm2LXvc
100.7.211.94,R_2ZId9G7aI8mfkSt
107.77.206.8,R_2zGxQsvmfpgHfSQ
38.68.53.11,R_phNHRF0meVs5t05
76.186.68.14,R_3NR3KbzSQV25UiY
98.169.72.113,R_3fZenR8OdSzibGX
73.199.201.176,R_3dH46KhWNIuCW5c
70.113.64.2,R_1GWAWPlI4LPUom4
66.223.130.214,R_2Pj2arQI1o4O7oW
24.254.129.16,R_31jvLFmMFCjK9X5
68.227.165.249,R_1eP553K32FGaju3
71.139.118.84,R_3qPSKmbw5UGurib
67.246.249.60,R_pRxX7eBjX5Kenx7
212.162.151.185,R_2YJqgCkWI4uyODF
69.204.192.221,R_PzlxmE62R6o8pCp
98.124.123.17,R_3M67kaHHmAyIPiO
73.170.209.53,R_12s7psLzW40BnVN
69.117.246.87,R_2PbOJ8TilIhlTlS
47.154.145.162,R_3dRkkw6l7irn1Pr
73.130.183.198,R_3mZTj0Kfqlr3LL8
45.25.109.150,R_115vqfsw7BKXpmt
174.48.136.233,R_1kYYU5EryRKE8uC
73.4.173.0,R_2wiftF5PhukWvNa
72.208.185.23,R_2EaZnnXjS1pr0GN
69.179.2.241,R_2uEvInHoTBeh0xA
73.195.109.239,R_9nsF4A3j30xQQwN
73.12.238.214,R_3fdwojqZ9n4JnIE
103.44.96.234,R_1rD3Yd32uIorjft
69.114.104.178,R_2dXeKTEDN0kubyG
73.133.161.63,R_0dDfV9ibTaCl0vT
71.11.179.62,R_2doTdHsTsWDQsWL
68.104.102.86,R_1CqhBF5q63LFeYH
75.133.194.201,R_2R2og24N7LR5aca
96.241.204.154,R_3ir5aBaBx26OspD
73.104.237.87,R_2X0rimCB39TGKqJ
47.151.23.129,R_3J8VTwnKo8meZQT
157.131.198.112,R_2YkSO50QWB9BFft
196.17.64.142,R_2v7VLn8vTnN6hGZ
103.44.96.234,R_3NX7PAmIX1B2Mey
71.142.58.124,R_1JOrvDLmEL2aFj1
97.113.74.214,R_eG6Jt4V81ftsTCh
100.15.126.55,R_5coDP0YDjkIC2cN
38.68.33.52,R_1i7YJ9LwbVDRqUh
140.186.218.74,R_2Xp4sysFWLeUX2j
70.185.247.134,R_3fTMo3DOp0759km
174.104.16.14,R_3oYOQ5ZX6wiMqUH
173.136.38.57,R_21ze2TO9GBA8ziN
196.17.67.96,R_yOwE5HW1V2o5fi1
107.77.218.141,R_2dnG5gNUftWSexz
131.100.2.109,R_28TyoP7qTnmW6Y6
18.235.177.190,R_12J4kWMMAPOMqka
24.251.98.21,R_232c3jIQe8TG6mi
38.135.104.160,R_2EB4SSdfxKFVukM
73.57.145.131,R_0drDiot2ru8iI7v
67.171.44.218,R_08puVDHj0h8kLPr
24.131.148.122,R_3lWHGEMyQ0kxrNg
98.247.197.38,R_1r22L1IebsD3JxL
38.147.33.45,R_2VI3k9QvxOkK0sv
67.3.173.166,R_ZIfKzphjbqbZeH7
185.236.200.26,R_sHd9oJ75xMzDHJD
68.50.119.246,R_3Hk6W4VfrFWMxrY
172.6.209.68,R_3QW3LHknlwAqmCE
68.0.254.222,R_sz1kfF4qc9RnGq5
67.189.131.19,R_2VaKJKNOzhdSOH3
24.165.100.27,R_dciFnSGKNowOBSp
47.133.39.140,R_XMsX80KQW0pwjcJ
67.143.176.187,R_1Cs8vC2t1R98njA
216.49.32.66,R_SQ7SjLGqgJUwxgJ
75.166.109.0,R_XIbvRgLeSZtNIn7
47.34.243.8,R_1FeVlsqGXblaNyW
47.20.226.163,R_2SubpNEoKCZZuFg
73.47.253.236,R_2QXwau04eUgv9z0
104.223.85.223,R_3kFmyJcj54YBj1M
66.66.156.204,R_3k4VHU4wW5Jb1BD
173.213.88.65,R_AdrbYrzM46VlggF
173.184.34.75,R_UVFpSRDzZxoLfHz
69.180.77.122,R_3ozOke3GgHgSfSN
98.32.219.98,R_2YEVYgwEJAMP5oP
68.11.171.52,R_BYu32cVZPIIHMqZ
67.241.146.238,R_bd9K5TBshSqDxND
67.187.251.25,R_bHnOl3OuYIhEdot
209.107.210.204,R_1FhzolbxrxgnkoX
97.100.127.126,R_216NMYTPmmSp5wE
108.185.195.197,R_1LBXQRwGzguIpWI
47.41.89.123,R_3QY5MYoJonX7uRI
75.53.177.68,R_1QA9phRAEALWxFk
69.47.27.15,R_1Fn6YhtopDIPdyC
73.223.41.161,R_Av2Xc3s2mb8dfVL
136.35.226.90,R_33pUAyi23cXoyQg
69.61.79.169,R_31uBKM3OlJA1dS6
96.18.102.146,R_2WO31RGUPfBs1DL
76.14.153.79,R_3NPLl2uWBCM2Ba1
70.62.106.114,R_1d9XrZKmM4xwbaM
24.130.183.96,R_1CgajlFugrunlkh
76.167.127.109,R_3sbSvkPgwwEZyol
47.137.249.92,R_tPwlTV3jMgsa0XT
172.106.167.188,R_32VZjpqqNgiuohw
73.85.202.194,R_31MCziMCzq1GLMn
71.61.250.128,R_1pSVKutIQgs6Y6q
107.77.206.106,R_1rcbX3d1N8zYqxs
38.68.53.8,R_33juPFArXWldGhS
38.68.50.40,R_3ikF1ZcWF61H3Pd
76.26.78.196,R_1hQOMN5pxiAMZfv
68.99.19.176,R_1DHbKIQLTbqxHJc
68.179.240.85,R_9uT9korUIdhX6QF
3.15.174.176,R_1N3cxMDmxZsa7my
73.229.189.146,R_2E1bhIIV6rNf1Eh
73.240.113.81,R_21bsubEj2ovhg7n
75.67.205.44,R_22yL3wn2s7FlhiI
174.126.143.151,R_3oI3l5tl5HvjZxW
75.8.34.249,R_2OVgspAoNSsasn3
65.249.164.197,R_2OTPfTNSoV05Ynm
47.205.35.80,R_1gC5zPjuxYmh2EN
72.133.46.13,R_2wBsh9STGKWZrxE
75.82.7.208,R_2xXgwkPDanAjCEe
47.135.7.147,R_1hNqgh4vOUHHgNb
98.232.136.250,R_2TNz9ugCoDgwizQ
67.189.50.183,R_2B5uKZ0gJ6PM15U
67.173.53.167,R_pavouE5YMRoGEhz
24.17.191.242,R_3RlRqs0vP5mzCl4
73.61.115.111,R_2bWDtcvPuFXQrGP
41.80.16.39,R_1kSpm9fhlvqj8jO
12.54.5.158,R_tX7xwOZ26OMaVvr
172.93.161.11,R_1d6s3t2fMwAolh7
12.34.36.250,R_cvw5l2MbAnL0jrb
73.116.138.255,R_10HHvxcuCo7dt7K
72.74.197.9,R_1q2NnAL4CUQWdDS
174.192.84.13,R_3EFjRaS78vFBQDD
68.47.214.52,R_scZI37kGklnyIRH
181.214.173.202,R_2S658JdDyQe0yEa
76.30.213.90,R_3juDJC0rp0pD7hv
181.214.201.138,R_1KiIJF2R3DLA2tP
68.194.130.223,R_3DvGPC5QBZ0sNHf
68.108.172.3,R_3LYBDAst2M5Zn2F
216.237.230.205,R_1Fbm1zrvfV7DkZI
162.198.138.219,R_3qK6RY39MMClqMN
73.70.141.34,R_3Lih29797TyF1Mx
97.101.125.174,R_1KrIhdXR2z7L7iv
68.59.28.164,R_29idEqqvJY9Idrq
131.148.59.168,R_3pmWNnMlK6dTmRk
63.117.149.86,R_1rp6PjsRFa719zB
192.3.228.240,R_2zvWyjS3R9rW5Uj
192.161.205.206,R_12GAt261QqlA3BE
66.30.72.150,R_rrPslt3HqhGcokp
70.170.124.51,R_5gRUVmTel1nIKeB
142.129.140.20,R_O8LzxzNDrAnWPGp
70.44.84.178,R_1PbgUqMOgKuQqyb
69.80.82.212,R_2YgEOj5Yw2zpOGz
174.78.1.143,R_31ZyEO4YNiQYkjm
24.31.146.152,R_3sjGiwkMoBNTLBU
174.204.204.210,R_Y6pPYDvq1bkJTMZ
8.39.235.154,R_3qDPt0eYrjSaGAB
70.161.108.119,R_TpTerUb1BfW7h7P
107.192.67.53,R_YaGoo3Bh3Lx5gRj
70.102.228.148,R_240es8Zsj1EBydS
198.12.13.195,R_9Srf8azPWMMrLzj
70.173.249.237,R_1rMIbhWcMwQFOxu
24.14.24.45,R_3PpYK3o2BY5QOB9
38.68.53.13,R_2frNVnjZw7Kvl0O
68.49.27.142,R_vJHJ2xLkjXx6VdD
69.132.106.201,R_2CW0ga1DARIIpxh
173.245.202.163,R_2zCiL6JqrYU9vEM
72.209.138.116,R_1fZQngfJLUPsmsA
73.12.76.209,R_3oRALjHvRMglOXd
73.32.241.53,R_10C7adfXG8JHoUO
199.83.210.144,R_27s8TBBlzk3ZCLZ
69.61.31.243,R_3dMlqWBYeddg1vm
65.26.82.75,R_2P83FCPCuq4n7Gv
107.72.178.40,R_1P0qARel08y9ba5
100.14.187.123,R_NXXreAmTtn2jfs5
73.75.209.129,R_3PhseOO6eAGcw0k
71.222.41.245,R_2i5o4dr3sjWRnB7
208.63.89.209,R_PBqwJLq7RoMSjNT
73.222.24.23,R_2wcRIY6tz84VDoI
198.177.95.129,R_28J2wl7V1VXHS5N
162.245.45.18,R_22t5uF7SHnp5gmh
98.208.62.234,R_2OVC7ThUzIWNrHX
73.245.146.94,R_4N1lubR64BSGa3v
136.179.21.73,R_1PXi7iuBUYS4qci
69.237.13.36,R_1K6ZwnR8zZVYhp4
172.106.167.172,R_3HiAUNULpiCXSGa
104.223.127.240,R_2SAm5s3nWjFw267
67.167.141.86,R_3qEcjUoGyEQc7Yi
64.145.93.161,R_24NSteyMwWrAZQO
73.61.182.55,R_2tK9NbLms3rZA9W
24.130.19.9,R_0vNJjUUJi7IYYiB
75.164.249.161,R_3etyNaV92um5xc9
69.14.246.161,R_2QzcYuGcIXyf2tj
174.57.138.164,R_1Ntww8kXgM29jSA
65.249.174.120,R_12gzlQoGIIZBjHv
104.139.27.246,R_BPUaAO3o0GDqKdP
73.116.200.24,R_p9r6ybh15zZMcDv
73.151.140.188,R_2CfSCCCZxSnWFdf
71.227.51.100,R_1K2sJj8G0IE6njT
98.230.41.224,R_30dVWmufOjL7zTP
68.110.88.147,R_3EfZ70KWFTY5hPc
172.106.167.168,R_1E6z5OgwUWTkmkR
174.17.63.22,R_1YM3qhzJ9x3oH73
73.153.191.15,R_1TinTxPjaHE9x8B
162.246.101.216,R_2ri1yJbnEDDQ1MH
76.18.133.21,R_bOYmLtj7KNramsh
76.31.145.198,R_1JJgFr4YKyEtsDy
196.17.66.252,R_2dLRuZCv2BO6XL4
73.55.26.61,R_POslHRVriPgLNv3
174.48.159.208,R_V1Gd0nTMFPmWWpb
50.207.103.1,R_1MN7L50GbopdPIt
45.46.193.170,R_3jXOHBcLRFq6Q2l
73.12.202.25,R_1mq4bsZsdLURaqM
86.106.87.92,R_1r1bNVluYJljlgR
23.240.253.104,R_x6spNMuuxEbq5hv
174.250.6.6,R_AhNI3zPqnIB93l7
192.157.230.78,R_3Djr5jfPnAsbZhe
173.8.169.30,R_11XwqDuSvr3Ym8T
184.4.106.62,R_0UOiyy956PkBK01
24.171.122.170,R_2zwqiOofX7nhtO4
73.28.132.137,R_tWIV3vNcR3nLyp3
108.184.4.50,R_RXjT6GHlrIaSJ4l
130.45.69.223,R_ODTfrHDuvcQLftD
68.3.204.228,R_3fO8Jcr7b7AzmX5
107.181.175.54,R_3nTw18e7GTk1PZr
75.66.85.88,R_0lKhQgMnBbRuXAd
162.243.246.160,R_D7hgrRqanCVyM93
174.236.9.93,R_3fSIf4jD6tMGMkY
72.202.151.239,R_6scqgl1dR5Dv9jr
100.15.77.253,R_1MX8QnNnPl9zC1E
24.99.50.116,R_djm6PyjS4ENPpU5
67.175.202.163,R_27JO3IqToupVnGm
71.196.41.108,R_CfSvywIU5Xla4Hn
181.78.0.59,R_3NL7xEFzG9oaHUB
100.7.124.86,R_3E9WViy5jIAOJm9
72.176.238.134,R_22xWNhVgbbWZdU0
107.77.201.22,R_2UYkUEAaJQmzomE
173.175.170.107,R_3PFdV4rxoK4A4pN
38.68.50.118,R_6WFOMbWQwo273ah
198.134.109.141,R_3CEl0RG4elbxATw
76.108.37.179,R_1gelr4xn84E461T
71.71.165.10,R_3Gy2IpUR1kLSlmf
68.39.255.203,R_2ASgZ7AHnoIL9g6
98.238.187.22,R_3QL7C9yrXV6p4MG
174.26.170.14,R_bwt76IwGg4BaWVX
212.162.150.242,R_11ZRdgeAGy4XJrE
172.251.232.46,R_3KIVtNhuMUJoAKw
72.52.87.161,R_1dKVJisf74BWiNr
67.240.189.72,R_DpYPjDtD3aJD47n
173.171.205.77,R_1gG9nhPNROHRwdq
72.193.137.128,R_pzmhkpYUYc1wtmp
71.41.151.178,R_1XoKJXtKreLE6rv
73.115.124.29,R_xlV8CPlkMb9eDgR
98.113.20.93,R_2E0lmQsxUFjoEKv
199.116.118.245,R_3HpGhPwtHwVmF93
68.198.82.153,R_Zl2LFvaDA3GHxzb
199.101.34.12,R_vlatPQQeOKFgM3D
66.188.191.234,R_3IZ6Hsfd3VDfW5y
98.156.243.130,R_1ILrhI1WLi1XNhp
196.17.64.11,R_1FJwvCsaZgLW6Bj
155.219.62.39,R_1DSdEqza2wJLAsw
73.248.143.146,R_tW1Yr0b7hoidNtL
98.193.90.130,R_24DbqVyhGfmSF3h
71.64.124.201,R_3e4v9rCRQGLwS31
98.213.46.172,R_26mMZEouvOHcZJ1
73.68.85.207,R_VJ3eT3TXY6dTtWp
137.116.69.31,R_3R1PNDjFMI524Ly
75.8.34.251,R_3hDPAc9inonVDtR
74.137.205.118,R_1lfnthVesRxLEQV
174.17.176.38,R_1dENvr64vgtXrJc
50.114.84.218,R_1NqsN5C7WfGKB2h
76.104.104.130,R_BVPVLOcwovdaTAZ
216.21.191.208,R_2Cwd9z7N1vBi2Dl
68.111.136.73,R_2xS1zKXjjY3sjfE
196.17.65.103,R_sGUiZclqtmEWzrH
23.88.238.110,R_2cAgGRRNPp7F57W
198.12.113.121,R_2zjs2MrkBm1xyEs
172.106.167.189,R_2f0OEUAhBowT1B3
196.17.67.41,R_BAmVeq0ls5JETO9
173.172.45.154,R_3nlaoAWvOqkDklO
64.188.7.159,R_110I1Hy2uHUWQwW
68.190.23.107,R_12tEqMOaT2RlQEY
82.102.30.94,R_30q99uH5U3VMoq8
68.201.97.173,R_UaMsRJpU8Y21Sgx
24.16.212.131,R_bQrSo8mWVXIajEB
98.240.176.228,R_ZkmIc7cxkS82GaJ
207.32.46.190,R_31QOyZTNdgYDzUK
71.57.185.169,R_UJAY8xovnpMh9E5
184.252.42.102,R_3oSomztg6xaKre0
63.230.21.75,R_3Hv10Mn3smzS2ef
76.104.0.243,R_3lVRb0JObIltIGD
104.225.171.179,R_1Oq3xF4saMOJ2tq
208.87.96.95,R_2uwELKZZgEtgqO4
68.98.242.77,R_cNmNyoodADSKlHz
73.221.181.78,R_2WOvowxSIr0nyDr
104.8.84.12,R_2COlxPHNoJQh5e6
47.37.123.242,R_27UbO2AHv7PvH2A
107.148.226.165,R_3CPX4FiDoSm6Dg5
108.221.200.46,R_1JDQhYMb6ObeIzK
69.61.31.195,R_1mPI5tYyhuJZ4ST
67.233.135.154,R_UiL4AmJvNjzDUlz
47.208.10.110,R_2cpxHlTE1RQgmGW
73.142.91.123,R_3hmbsDxZFVCzJj9
196.17.67.118,R_07ofBBT1Ai7HmEh
40.84.33.218,R_vAeNDPDWxgRCNCp
96.88.123.210,R_1Nlg2BmhX12PXMk
73.6.76.242,R_3Ic0gm7YebrSxZ7
70.173.255.109,R_3PpE81OnKJRK5NC
138.162.128.52,R_1pST3URMSLaRu4T
173.217.225.164,R_2OT7flMqx2JquHY
52.255.170.8,R_1DSVEV41xvYG0nI
107.194.185.48,R_2t5qZrEOKhV1BQ2
97.119.235.139,R_3L15mxFn9EB7fYM
72.220.168.105,R_2ttheDPB1louowR
76.23.155.126,R_PH5RmthOZaLhpHX
196.17.65.60,R_XH6BtVmnO7I19Hb
75.136.130.114,R_1E4eBUKXW7mNNkD
75.115.56.170,R_3MMfzIPfUJ5Qa7n
72.211.64.83,R_2xDGTkpdP6lhPjC
73.189.164.239,R_3JJFyn3njbJvD2c
45.237.85.45,R_3IYxM4YWwqHX2TA
98.254.162.20,R_BVaUiEXOb7YixbP
67.188.153.161,R_1okg9p7Ntma4i6s
196.17.64.134,R_1pm8vASEpYeoGwx
52.165.27.40,R_3hAOugZksCssoLr
108.81.221.69,R_3FQXH8pXiCpE8oX
45.4.197.217,R_AntUygHWSG9xHRD
45.4.198.151,R_25vePwEQGn3PdHe
103.44.96.234,R_2QzEvEWe4Yo27mx
45.4.196.163,R_XO41cQXX8cIDbEd
76.29.50.72,R_3dLMRcmLeB1cDni
208.87.96.243,R_30tWJqFfs6gsHbX
47.187.211.147,R_1K2SwCKygrqPMIe
209.249.125.55,R_3Pw2YOcf0AmUGdb
75.146.243.101,R_2SwwRIou3Zs6bIT
67.161.222.111,R_3nBM7eFCexUzTr9
108.215.122.164,R_1lxWAxjfMdxJm9x
208.254.225.187,R_3DjvrpknZCrgets
173.25.95.117,R_stIhJDV2wAAe9sR
71.168.170.103,R_1rp5gwG8klTWgNO
47.41.79.5,R_248BPpB5kIzU5lp
64.44.57.241,R_20U4uoxmkP7NOJX
98.196.147.238,R_06VqddU4nzA1cQh
104.251.95.32,R_2afVc0M9utRkp85
142.196.238.141,R_2CdcPAO86xI9YxT
72.79.147.123,R_swdb413eOIprRkd
108.252.89.217,R_7V74bNskOoxzNOp
168.151.141.207,R_1opDoJwAwCypnGE
50.211.44.181,R_3NVEmLlHgZ211cx
174.217.7.52,R_3RyllBkMq1LItVm
45.56.174.208,R_1otHSULwh7INBt5
76.187.193.200,R_31XxK1DN5h1kn4l
64.140.178.177,R_3fZdv6SSgHst2RY
75.167.197.242,R_2YgHQk1ZekW3vRD
72.42.135.181,R_3fiY4uyaOrcCLT5
47.144.78.217,R_3PRIdD4UFB9wx9Q
162.229.30.245,R_ZpNrSoRz54JHK8h
73.156.131.154,R_2a8NDeAtdfyhjyT
107.77.202.154,R_26ny0Ge5y7vLkXT
104.32.206.218,R_ZJgznujRae4tjr3
8.36.225.138,R_3qecWNzCsQKsXbx
63.115.158.174,R_8p5EXXmq9J7ytcl
71.222.13.47,R_3qgJKTATXamptj5
67.175.96.41,R_Oj3DJRSz5mRXtzb
65.60.89.50,R_2dH2GjQlCR9Tm3e
98.201.129.179,R_3HBNctAQAtkulzc
70.123.43.81,R_3PTBWAfSoMedv5l
73.67.87.129,R_3lJOcQ3qCh7TcRx
71.50.48.6,R_SUEgBF61RmNwVuV
198.228.81.229,R_12MF3Ej7FDxNuzf
108.234.235.187,R_24uWRQq49jmnX45
65.25.225.22,R_1MNgZsHks0PnYXh
45.4.199.75,R_2YqVBYflauHLLAy
98.167.7.231,R_3kpGuRXnIOhgslr
103.44.96.234,R_4Z3EMYthqTZhQ0V
38.68.50.49,R_1Q0hHJTQu3QDETK
98.227.144.244,R_33vZpgVB3RR6sC5
76.211.124.218,R_3I5ApJhWQtBYNSb
73.140.112.23,R_00ttPe5dw2C8RtT
75.8.34.228,R_1jOHEZxxNt90Nbx
73.192.230.104,R_3p08PE4re3QseyK
98.101.43.98,R_2Cqyd4ASczj3mp0
174.56.5.3,R_3KJ7Mxjec5cybVc
70.127.237.58,R_4Tt2mmcT2Mj5hlf
75.149.136.201,R_1n1lzpWxuZETSjp
40.70.206.168,R_12Run5q6mUAjW5q
67.185.169.12,R_3s5Q97ue7lNsvO5
71.226.148.188,R_1jdJMLHh4TeuPtU
76.219.123.172,R_1l0pFjOzxCek0sL
73.98.21.89,R_2uJoZjMUr8c5ju5
193.39.186.110,R_1ImV28RACGzMjIG
73.169.255.242,R_3GdB7XqLCEqCGGc
24.130.181.50,R_1LjtKR3IDmxrzs6
174.106.101.122,R_1CDXPSnIo70ZhrN
100.33.197.162,R_1op7AIM0epdx6TN
181.215.78.227,R_2VwmNagYACABB69
192.234.106.5,R_2bW4jjk0SYwwTf3
212.162.151.190,R_1H8e6R6ClZ706XV
98.34.56.71,R_2B9vYmg89i2Xbkc
45.4.196.162,R_3L7sTgzvcBsY3SK
73.76.251.230,R_2wQzI3JklTmTjkj
72.193.22.212,R_1OTQB35Calz2zyk
142.197.138.163,R_xt2UKj9RmS14X9D
23.82.9.49,R_2YXlpIwir07zKmY
172.251.160.192,R_yF5B229nw5nr8R3
172.58.207.126,R_2y47mOjpyaZs7pQ
73.51.55.220,R_3Rr6CLLY3EnXcAN
73.134.147.120,R_12l3RfvRaixBPLn
174.138.179.181,R_2S2H16gqHa2M5DC
73.173.243.25,R_u2f4PvuHNpquc3T
50.111.12.48,R_1OVR9AhO5cthYMY
173.71.216.65,R_1loeoOuIha7YMAu
68.105.179.219,R_2uw9sROHlwSFv6B
24.6.220.174,R_3e46OEOxO8pFjU2
72.178.97.129,R_1d9Nl0rUFa6mF5V
172.223.88.89,R_3L5QVwpWstVAzL5
73.84.183.85,R_2wgKMbsGyoIKVNF
70.188.24.14,R_A1ywN2vnwRR2E2R
47.40.162.2,R_2WHcWYyfQlCB3de
70.237.77.146,R_6Q2xJlgrOeE12zT
140.177.228.122,R_yryJPgrDrqcsOEp
68.104.102.86,R_2Bkx2dosMOz1Efu
35.133.236.211,R_2E0K8Bfg3GZi1e7
99.98.66.225,R_2q2SugkMZZFXc69
73.136.155.223,R_3oXznImiQsKJVg7
198.228.134.34,R_2di0LXmlRM6Fe71
73.151.192.5,R_1HjZNTqUwAihn4d
73.37.82.34,R_2P5vmFk63D6ZtqD
50.243.115.26,R_2VlP7ai6dtokvb5
73.139.184.219,R_2VkZmtPujCOKbqM
75.185.181.160,R_31ASh8ONNLEYKVN
157.50.150.217,R_zYcmGPZs4Vu6bMl
73.240.151.253,R_3dWHid65jt9wTRj
68.58.13.57,R_2aDk0PXGIRRTIsO
75.85.81.48,R_33kIQDVXhZPjgWa
38.68.50.132,R_4HeEqVkmSEWBzRn
38.68.52.138,R_1IjkcqBYs23op3a
207.144.41.61,R_3PLvKugM7R9aYMK
181.215.90.213,R_2XiIw2irJwbOOGF
72.203.50.234,R_3C072dOAiwtDrEZ
107.11.132.216,R_cNkkiIQYBZV4AfL
98.26.109.16,R_1f9gCLkeiZFOsY4
173.19.48.147,R_AHThr1z4bO2ODUR
73.202.164.123,R_QfCKioaEgag6CSR
181.214.201.137,R_248WdWSrmd5KjXv
181.215.86.145,R_3nB4jsSeHDtZCbc
73.158.55.5,R_psHop14MNmM5GLf
136.49.152.96,R_3Rk2IkyiZJO4GKu
38.68.53.4,R_1GO0b3gvyAgB3Oy
45.3.166.146,R_27jJxDqFaBn4Tbi
98.213.6.48,R_20ZLRguHpKxzMve
75.117.1.209,R_2wzP5IO0rC4JgD0
205.220.255.68,R_1KrNfz5AXRg6h3w
65.79.144.190,R_3kO3XXK4TH5UX3l
104.153.80.130,R_2vZkDGhV6316yCJ
68.108.56.158,R_3MJrS4ehJHJPwTw
67.149.244.41,R_2sawjy79PXtxDMh
24.8.198.230,R_2vidTSIpIAYs0qZ
68.83.126.188,R_Y4acIW7d6PdTwdj
99.56.136.247,R_2XoE09dUy6CFntL
205.185.214.219,R_3jUJOQ7PgixtZSy
66.68.120.52,R_4UcL73Ki3Y4l961
67.174.172.91,R_3ehubIQojJl7sZA
73.140.176.107,R_2TESjUWUWB7NRth
71.200.47.51,R_3I9wRV8XOKzDfXm
24.91.31.117,R_0lebdWY1o909l4d
73.90.119.119,R_1F2udDS3eIdNpqq
107.77.194.213,R_x3l2If7gmDhsvxD
70.124.158.99,R_vTUdUjoLRmZBypP
72.130.18.195,R_1EiZi2rsCC2WJVp
38.68.40.89,R_1OV8Pb64wEg5yw6
45.147.101.213,R_1QEOzTOzXjipfHv
70.173.220.6,R_VJdNfgWd37iGg8h
71.90.253.47,R_9vsWS8UdoCyl4hb
71.89.5.151,R_1LLqspneG2OJTgf
73.51.212.57,R_3PN6HPwhn231qV2
38.68.52.155,R_24DjOYd0QzgmIXr
68.43.95.173,R_1mkeIyFMbYXnGbg
70.224.70.178,R_1eWVFMA0KhjhyYD
73.14.19.40,R_py2ss1Yjpjvy9RT
108.88.55.185,R_OkTFaupD9vMisb7
99.116.17.237,R_1QclkZStkBH1vvc
71.145.246.241,R_1plgzrdfKgHkmHY
71.197.241.51,R_2bJLfHd8YpCbfFB
172.58.158.134,R_1pK9l4ql0HfuOZK
141.154.52.49,R_1OSUiCjse5WY2FB
66.115.169.71,R_3sifYDZvW6kXVql
199.83.210.132,R_2A0TMfUvU9SmAPs
107.175.123.83,R_eya4KLId4UQPMY1
181.214.169.110,R_XAscNCxDjWKaF0Z
72.200.64.217,R_2P1malBjVFdoBxu
24.131.22.91,R_1H7SkUt87k8kZuO
196.17.67.224,R_1i3AXpQ0suuNtaG
72.180.116.231,R_1FKSRcnVZmqWfzs
174.251.67.200,R_27I3yxn1BZTYtg1
45.4.197.233,R_Zkpyr5KMdPqHg4h
190.124.29.107,R_1M4h9dgguq1ZZn7
73.90.89.100,R_yIyoGVRs9TnpXmF
68.35.118.134,R_2YWDjQiVM4Pn5x0
76.88.53.66,R_1dEsxTfPSzldld3
23.95.238.129,R_wXy3qpBgkMf1A41
68.189.154.106,R_3EzHO6DNKCZlCml
74.208.150.82,R_3KupmrCWbfV5pVg
184.170.240.100,R_3NK6FHESuyMHwVi
99.46.233.198,R_3G3UK4HguqjVxVb
82.102.30.79,R_2zTImmSYu9r2L1k
99.64.253.4,R_1kY9FroH0AsKjku
24.88.161.247,R_3OceViYsRxq2WbL
64.188.28.53,R_1lmlCsoYsAuder1
70.173.249.237,R_2WD32M8ZF7wSs2z
45.4.198.167,R_2b3I5Ic1Chl5KLS
104.185.42.115,R_1JVed3xu0HlZgEd
63.117.149.94,R_2QgOnv50BFT9CcZ
47.6.81.94,R_2dZkwkyFNqflqEt
73.232.223.217,R_UL5njDZZEy9pFrX
45.4.196.54,R_30uVQRaEM5hc5uW
76.114.99.55,R_2PBELKjyBWOBRAm
192.3.228.228,R_2zjsvVfuG43xOjg
66.74.73.230,R_12EX6eXoD0BwHbr
71.231.229.64,R_25Yqs2THEqkkhbm
108.8.2.11,R_9KwP5F0WlacoQnf
206.173.190.210,R_3Ev598VtrghndAL
209.95.170.164,R_cBWlxFacrh51sS5
172.58.44.208,R_BXu0Ls3YNnRxQJj
181.214.87.129,R_XigjxxCMIe61BKx
198.228.133.83,R_3PWXvLhhTHQfRZT
68.46.77.242,R_1Oj3kZsMFZO2ydj
162.246.19.131,R_1f9tPVVd5oVHzn0
73.202.164.123,R_2SpIYDk0K6BQypo
68.48.212.230,R_1kYtn1GmnMCszkM
67.60.30.8,R_Ov7JCyFyjEazyzD
71.61.139.51,R_2xPLCjUz48VEt8s
73.223.253.108,R_wMZJUMwKg0zo43T
8.20.63.124,R_1H7tGlGvD0IUxvq
24.63.79.9,R_2dTiuPF5qnsxn6r
173.172.85.199,R_3khAxkAhO9rm91m
98.196.65.60,R_r9mfL6dyY6hgy8F
73.153.62.54,R_28Tl8npN65JkRNT
75.129.248.58,R_3k5iK6gmXKK3G9B
24.251.145.211,R_3kkct4zsZEJM8Dt
73.85.202.194,R_6yWvFrZxSHVkI4V
68.50.169.222,R_OjuEqooGDmQewO5
196.17.64.232,R_r2REeZzPsOVTK6J
69.47.35.104,R_3LcoFCTyOFs4tEb
73.118.211.117,R_exqrpvzcjQj34NH
50.108.114.76,R_1I5zRmVaWTtiU1g
73.204.196.212,R_2fqT4XpgivEKZZf
38.68.47.99,R_1gINyYBVZW9a3Mu
70.132.227.40,R_2yjRgqqSNChvkms
73.42.121.29,R_2fwVsFxC5QjvsXh
38.68.50.46,R_0SoxH6rdeyRYUCJ
98.167.7.231,R_2QXtbhhNMFLbd03
107.77.197.67,R_3qUoWOxdeBq0ITR
71.196.75.159,R_8cCLSDfObvVpXk5
98.177.246.248,R_3NJusE25zGN0gEe
71.36.107.124,R_1NePZJoL5FCt0gd
73.210.11.32,R_24IuMdMsJEe0Gl6
38.68.53.6,R_21t8i1zbs3s0WSh
68.201.152.92,R_eQdQ7sfLP1KzOUN
185.242.5.99,R_3k0KJzL7hWkdLKV
68.11.218.41,R_D1d6Ykf3lQDvp5v
96.8.130.93,R_1jcZkhV4Xr3OGfv
73.224.84.180,R_2wvEJkwnM3WA7oL
198.228.133.11,R_22JoN5HHpCvCb88
69.139.64.151,R_2PkhUTjr2zx74jC
73.88.202.58,R_3h436BhZ2MGXsAK
12.156.1.201,R_24799eVv7OGjdm2
192.240.232.177,R_UMFERgVdWmp86UV
73.120.234.200,R_1QxYOlRMflAqMx2
104.176.173.52,R_21pGShED4n6oLcO
66.69.123.67,R_3pmqtDADAHbOJSD
73.116.110.45,R_10V029GqVcHrIJO
75.42.38.5,R_rfiVQoAGi0G225z
184.60.11.213,R_2Qgo2TY4AgMCyTW
172.117.205.143,R_2wKzJ0latYSfL4B
198.228.132.79,R_2RO1WiXHcAdi4XW
204.85.209.209,R_8dFLxRTuPveigVP
64.94.212.39,R_2fHCHSHLhiDMbHV
173.81.142.237,R_2SJGmpOIxWtysge
104.43.215.138,R_3s6ohlyFsieRwoc
76.221.209.152,R_C7zyESVCliHibBL
75.106.220.154,R_1KiHX7Ilh3sLyvO
217.138.255.166,R_1EciKbjTc11nb7l
192.252.209.35,R_31hDAj6j6N1OcIw
67.211.45.149,R_10ZBimcYwkzm2EI
104.229.74.4,R_1cS6JvHOM7GaQqm
72.49.53.109,R_1q7Ij8AEmcii2TQ
108.222.193.48,R_24pWhAxhcTswoP4
97.85.200.183,R_5beVrKCjEscan2F
24.4.206.217,R_5AYQhbzTfkL9a3D
181.214.99.113,R_2XdJS9sjpZdcH4b
160.2.215.141,R_25EgMtQ0J5GuG8d
198.228.132.173,R_23TtKwxPUoUgVPu
168.151.119.202,R_1rANKczRFU9J0qs
67.140.144.107,R_3exdeWHa5JnNw8d
199.115.102.146,R_1rNPw6u5wz2Ja4T
74.88.75.190,R_3EguesTokNkJQNj
108.183.40.22,R_3kHOqcIBHuzJgWL
66.27.214.23,R_2w5NZBVcezHrunA
73.221.78.197,R_3M3yPScqNmq7sRy
24.7.141.61,R_3KuYtToQvtjOI0h
47.20.43.63,R_2c8H4eowEBwTuVU
68.44.228.31,R_2AEvUJ1uiapY1ig
24.4.36.124,R_3KosH41SsxMv75C
174.236.5.192,R_1dnvSpuuUNE7unu
73.121.132.229,R_1BWKXDuCfrXtOOi
73.158.92.18,R_1E07xXYh5Xmlk29
173.92.42.79,R_3j0V2swc1kVX4bC
97.114.68.76,R_OsdCtnQl28GirsJ
100.0.240.12,R_1GJ0M5dtRjOO4nx
45.46.255.70,R_rpRSO5if2vT6pUt
69.160.183.252,R_24hLzRt2OQ2kNZR
69.250.198.6,R_1HotyyoEUBxRLJM
192.154.226.34,R_29c6lHlHfKJk0LB
40.91.103.27,R_2fKgxXwncTRpoBs
24.9.192.170,R_2EE5AsWEA8JB9Wl
24.102.128.105,R_1Nfsq5IE8UBQi9p
185.232.22.210,R_10H2qEwAamM1wla
108.233.242.68,R_3JqEXKvEVoRdM64
103.44.96.234,R_2vccqh56XaS9GmU
68.79.196.46,R_3G8scSTEPXZeEmV
107.172.250.237,R_27OmzIdxoM8nz1k
173.80.83.115,R_PLK5BlUmT3WvhO9
75.181.70.213,R_eVRmaxeQUZL1kk1
191.96.84.157,R_erJzuJISMixplJL
69.203.80.255,R_ABRVafhcJRaxZu1
107.190.158.187,R_2xMfcwHQenkzNR7
47.156.232.54,R_1QfKy0Pia8Nu076
76.122.250.174,R_2QFLCVDNRS0EI1l
142.197.9.227,R_2zMxrPioMt8VCtT
84.17.41.80,R_2QXSf2yFPT077Vk
47.134.12.142,R_2uHtXJtgU2Pugfj
172.73.238.169,R_26nZOgiM4nLLqJ7
68.81.42.79,R_20OLqsFqt76QuVQ
198.228.83.229,R_DSskF949nR0Y1Ut
75.35.210.75,R_2723oSM1nP8MSa2
98.199.237.159,R_5hU2PyfNiBROuZj
73.112.186.108,R_WoouocmN1d3D39v
38.68.52.156,R_tDnr6iSQUAjrCVP
24.56.210.71,R_umJm9OgWM0EgHQJ
131.93.172.110,R_3qHB3T5CnvqSKix
68.83.175.70,R_R8NOv6XPoiqzXrP
69.61.79.168,R_aaRXEgOqtmNt96N
24.166.107.206,R_UrmXTXlqjTlzWLf
67.164.12.64,R_1gOQ6Q6Kdsz24Iz
13.84.214.59,R_1i5v6U9PpDDNBoQ
108.6.57.32,R_yD5iSaApxjNXXot
2.56.33.188,R_2V22wEEKy9vK3ns
71.215.57.219,R_blW0wisElnSS59v
107.10.221.108,R_UrszI2fTl1ds7UR
181.214.116.236,R_2fxJpspsrqA28Pu
70.126.19.131,R_CjXZoDGkK0JRAC5
96.249.153.34,R_1HjevmNnsqdXEoA
98.213.163.91,R_3EhfqwhIbUSbbPz
209.0.50.229,R_3rNdbEE8bw3ACg8
107.145.146.189,R_3rS4UYM0v6BBvzW
67.169.158.64,R_1H7z2lsDwxwcqLP
172.245.210.131,R_3rNyQF1OcwVjdFB
199.83.210.192,R_1FfES3Ox9ZQUFiI
65.129.71.37,R_2dAzhW7EAZ8r6FF
70.182.111.5,R_1lyOPM3Er8FykkO
45.43.14.106,R_QcuurrTBfIO3DkR
74.103.152.97,R_dhhfi9ajwORi4Xn
162.235.25.43,R_3popT51yv77IakS
66.74.73.230,R_3dXnEX8j4cFdpdX
104.14.91.85,R_2EahbJHHafQ8Mn7
24.63.172.96,R_a4pkhhMqlOL34v7
47.224.36.203,R_31iTsgi55batyB4
107.144.211.70,R_3y3B7TaIGKsMogN
24.242.219.187,R_2sdvs7Ho8LQwTBd
68.104.42.241,R_3G849hkksWQCbIE
72.23.153.251,R_RPk9FaaW08xy15T
173.169.217.217,R_12F7Dcag1Ieqq3b
107.77.231.213,R_2V8UzRXTtftb4T9
73.76.195.73,R_1oehfToSxFyyglZ
72.48.167.78,R_xaP2U6XV7oHeMSt
73.48.171.185,R_1qh4dctmsuTFYK5
73.142.79.152,R_2S1yzydlyKWWmNz
24.242.64.8,R_2xEF9TNhonugROl
75.13.250.192,R_2XjKOuVLgGPUoT7
162.222.195.100,R_PHa1KaiUYKLyEvL
24.15.223.167,R_29fSTxHFnld9Ynh
96.40.192.155,R_2vdIGPuOvXTrg9Q
107.77.210.212,R_Zfs9nANUfJoP1yF
24.178.15.98,R_20VbnHOgZ8jHnxw
173.187.193.5,R_2pYtzCxw8y4TAsr
96.236.205.208,R_1FtzWSS21OOKufH
173.81.29.114,R_2eX793Q0ZFjE9SF
75.183.213.184,R_1C9dDy2nLaLPO7r
98.197.251.117,R_3oGZINqJl15s3bT
68.50.76.27,R_1ILW1KAHsDNSHd2
71.84.241.146,R_1f3DYRB65GY4vAF
209.95.173.122,R_1OBNNOxOUej7pJN
73.110.34.1,R_3KwCyY6qP2bmxPj
99.137.1.255,R_3CVZQthcJUjJFGB
173.170.39.44,R_1n31rTjdlH3wdd3
199.0.197.18,R_3hltaR15CypRI4N
8.44.142.129,R_sNLTdovRUtIkH3b
98.23.212.27,R_1QrSOqsbghXDXrz
75.176.34.125,R_2tl16qzmvhNovoc
47.149.196.30,R_8ApWkii6TeUOGo9
86.106.87.88,R_WrkTtCoKMynStmF
107.161.86.147,R_5hGTuB4GTm1Jbzz
193.37.252.23,R_3L6xlhJRWRdcbKn
208.126.159.93,R_3dKeah2SftN6DfH
73.9.74.29,R_21nZ5m4rpNKWCew
104.162.216.13,R_12g7gA7qos3Mo7T
181.214.167.142,R_3CCaMqrXKn8inPm
108.68.88.225,R_2YXlNnNTd6XNnoc
73.96.186.255,R_2Vl8MHpbS7DbBJq
102.129.240.133,R_2qBMQy1poXcfDs8
172.58.188.64,R_2DUIgsz7JSXHVGO
75.190.204.157,R_2B8lBTL8fWB5gSP
73.208.27.237,R_2SwAI5Omg4fKeGt
107.148.226.182,R_25WV1erWAyf5z6i
134.202.250.143,R_9KPZpcCaWWlZial
75.8.34.234,R_pEjOJprhLnX7cml
73.106.197.57,R_3hhF3oOmfY4K1pl
75.100.43.130,R_2B9TmvHiaqNSrV2
73.204.5.26,R_3R4J0COQNQL82Kv
107.167.234.145,R_2sTNf4dAS3hb7PY
71.203.158.161,R_2X7o5QAJZ8JyTYG
68.116.228.148,R_29izcuL61ZIX0Bc
107.134.9.253,R_29ms4fpUbTRh3MB
73.77.173.250,R_brt3wTyi2Ygd13r
66.65.38.187,R_1XL0UJaT5p8DMw9
71.169.129.175,R_ypSNKbWTA5fH2wN
73.140.176.107,R_215jL9uk2lqvLKW
100.33.119.67,R_1j6YcuoldLfvrgQ
131.191.55.106,R_3EuLqm5C3pL1J0s
99.159.80.132,R_8IbvbH84ZRJFGvv
104.175.247.178,R_30vsFrkw0f96Fca
76.30.233.224,R_3j2jRuZlNrMvtRh
71.120.234.60,R_6MzhJRZJhoKYypr
108.68.88.225,R_UMjKltopbtF5Uzf
174.128.242.250,R_2YyOMpZqrCJb2dd
73.220.192.180,R_2VBAU4F13uZPjop
75.90.109.168,R_bq399DDkfcDyizf
173.79.152.154,R_1GUGF19bz8Of3MD
23.83.130.180,R_272VA2h6jw7rhYQ
172.249.93.214,R_ZFelJhiQDfSDQDD
107.148.226.130,R_0ktBfQ7dH7ql4kN
73.41.72.2,R_3kcvQlytAuJA2m0
72.42.175.59,R_2e4HwsWKm9bpCgR
96.41.79.188,R_1ILZwKv3XVlzryL
172.9.152.189,R_1OkpdXQF5zN24KL
52.233.67.121,R_2sjaSPcngaHiFXz
24.121.195.16,R_2wHmnsH2WOFMp5A
24.35.250.116,R_qR3IW8EfbDCyn1D
54.193.0.1,R_3dSt8u2lp8A1fSF
73.136.22.252,R_2AEw0WyYIMDVamb
98.125.180.76,R_2OYAIG3hIMqApsj
73.125.143.202,R_3Rkm6K3MfOolJnt
73.181.255.158,R_1i1WxLpLy2imtxp
100.0.117.91,R_a2yrggKNyPBFL8t
73.7.180.40,R_3MPBEBzl0mweMSj
73.37.47.169,R_2QWFEydp7gbyMKV
206.217.139.30,R_2zr97fulJkaBoot
50.239.143.239,R_2SAnh68eMP3VDMk
75.190.204.157,R_22AeZoNEpgrMTj7
196.17.66.228,R_2dmaBj2T8ezqSNe
75.48.42.41,R_2V3yoiyROXaxSaT
65.188.179.223,R_TaY4nq6zOAnETkd
23.125.63.254,R_3Jz8T3GAQ6frrgf
98.27.57.22,R_1nQ8qwWOKPwXUXM
98.13.19.184,R_26kVgzrL8NzAWLX
23.95.254.55,R_XthgcMdfhrvRcn7
38.242.7.246,R_tXv8bCil5h4NnUJ
181.214.169.147,R_3LbyYko3C8xNjQ5
70.173.151.35,R_SAVce1gGSNmh2lr
69.18.228.209,R_3pm4ANYTDCJY29K
68.3.177.252,R_2sbYG3GwMBRM62F
73.70.246.208,R_TdtiLwT1LNoC0kF
172.58.107.194,R_31AAIsKbH9WxemB
75.89.29.173,R_1mlnrFBC5QR0P40
76.218.237.13,R_qyW5IXLUJB8bpKx
174.62.213.33,R_8w9nEvleyVnfFyV
98.212.14.113,R_wOcYQX7oJEJsAUx
174.72.224.103,R_2uW02xpc9lAPZJl
174.152.85.100,R_XnBQifScedrZ3vX
73.57.145.131,R_uy2QfHDI4ZNKPUl
74.139.213.110,R_0CiciCHD9jJrlUR
70.178.97.52,R_2YnB90tnw7Vzvqd
47.156.29.238,R_cLPZXX0KXj3OJfr
157.46.60.101,R_27eVeQF5b4UmdRx
38.68.50.108,R_1R32ex4RoUS4kCJ
148.167.254.24,R_1pmxARkCFuUroK7
45.22.244.196,R_6MgxDCs8PzY0dxv
73.1.9.247,R_A0ShUGX3Q55GdTb
47.33.14.44,R_2bOdWeGqx11tdw3
99.44.191.123,R_1rw4wqmZCmDVpFe
198.228.69.93,R_XjpdvUd4QhuSqRz
92.119.177.93,R_2BkQrFJvjDhwuub
108.245.61.224,R_2ZQzgcL7mJ5LNjS
73.124.31.236,R_a5Jo0K64XlkcH3b
198.228.135.81,R_u2ijNdisjJFH8wV
172.58.203.92,R_3KZsPe3Y6bhSM9b
103.44.96.234,R_3iNXSQ42HLd5LiY
73.223.193.239,R_3kB45RlWjX7a2jd
76.72.175.125,R_2BtUfNVdCoKWFuu
199.114.218.105,R_xxSYmT54GEd1gkh
73.45.57.245,R_2CcSnHrK7zjyxyo
107.215.190.102,R_ZqaeCgmaKyJpMml
107.126.40.141,R_3QVlsv1zXwWsarq
104.148.176.13,R_3KUCzswmeMHEler
47.151.24.106,R_1QDSPKcA7McRVJx
107.170.186.79,R_3PWW3o49Ra5xnVA
72.213.106.135,R_PuZSW1nmbjDCRVL
96.33.155.37,R_DvkNnxV5VrdPrXz
74.124.121.22,R_1Q3nswZPsURa7em
162.204.150.119,R_1oosXMU0AoBduyv
67.221.42.57,R_spnGu7JlOBPJ74R
108.227.249.14,R_1nUEhBtJVNP6aSp
76.169.27.205,R_1JFmLgLHXqxos3g
68.82.112.133,R_2P7M9pResE9Zjh4
199.83.210.135,R_2yqquqYYoihNXga
76.191.92.178,R_rl5sTUn4ewAsrxD
76.167.47.221,R_3eekfWv1fOtlg1d
64.62.187.90,R_1K15PtlcekS1Hop
70.173.255.109,R_7PCdQs1W7wrB74l
75.169.44.173,R_29iwplE2yLV9M8Y
73.32.241.53,R_2RZV2RTSUFtadHN
181.214.201.141,R_3mlxOHvKZy8pHvf
73.176.182.200,R_3Opq0TtKKJYiU11
8.36.224.12,R_3qqlcCUfUZw77N0
108.213.140.246,R_3gMXmizyJyboHw4
196.17.67.149,R_1NmfRZ4ggBUg76l
24.10.44.191,R_1fjsX4X0vpq4PsE
191.96.97.58,R_SNSge48Hlyod9zX
73.15.56.134,R_3eakFy4SUGGL8aK
64.145.93.51,R_Ti5Eg1w1AhDY5e9
107.211.48.243,R_pSkhmhpHryA3iVP
193.36.225.99,R_ba8uHjwxYEu9X5T
52.158.240.193,R_cDeVsfIyCSK9DPz
73.113.178.136,R_2VraVaBqmn87gJW
73.76.120.28,R_3OeJMqybANT9KWR
209.122.250.74,R_3rStZu8J4x0gTwL
216.248.127.242,R_uemngTxJQudSSE9
73.154.1.100,R_2ANKcaHVGy4ooyW
24.53.64.226,R_20Vwk6Xhl8gQJVG
67.169.229.231,R_1FFhXxrdZI3oRGb
192.240.221.181,R_3CQs5aCaHWbhXSY
73.223.193.239,R_PHfwNZsYGwzeO9X
45.51.231.138,R_2qsC1smN4kpGKdh
70.168.39.234,R_2XcdYqIyT7O1wlt
181.214.222.208,R_12cjBJiNYbk8cBz
67.180.98.202,R_2X51fjmsuCTX8Hr
45.4.199.89,R_9tTU208k5PVGFrz
99.158.246.226,R_2y46MHyAX7C2CZJ
173.175.138.86,R_307sPdHbCWiO4oE
5.181.234.204,R_3Dj9FtCfV7vEj68
208.192.16.134,R_1rufpR8dT8gxeoF
108.250.141.196,R_zTZJfRjPgN70lGx
131.100.2.116,R_XmJNOVloRUKCnBL
192.119.160.145,R_bgCWV6IxyDJcECd
99.50.120.190,R_eD2l3OTY2c3cdPj
76.114.123.83,R_sBdGEGjE6OBFrMt
71.47.22.247,R_2XcUD9m3ee2zdss
108.199.23.205,R_264Jevm7KZTUBQ3
76.185.111.253,R_23WxQkNYWQ4GTQt
24.32.63.84,R_RIzCrGynLkT3PDr
107.198.59.190,R_9miLdXqdH8jnFJL
66.75.30.101,R_27HvLRmzrGqQywo
67.247.136.241,R_1rJnNrZfgzAfrua
65.35.212.119,R_1iasGgDQse9idNU
98.192.36.159,R_3DiiKggL2fM7CcG
73.125.24.30,R_3neFxerEfXWaaxL
73.161.169.90,R_2pM58Fyj8fGK8jo
72.68.192.46,R_sRSFPTbFTEcia7D
24.60.79.86,R_pbMlJmtFr4GlWQV
68.2.50.135,R_3OiZqCPCrr6Kw0B
72.187.223.151,R_2v16vPTI3KGxRpo
75.168.66.135,R_2U5vC43LlFzMMIR
47.157.73.205,R_3EfF9LL7bZaYeci
71.222.54.37,R_8BTgFV3omFzPe9j
70.114.242.25,R_12QFL1ugG72Shur
217.138.208.148,R_2YVYiXCMA23lBbR
24.23.41.214,R_u867v4ERTJKUkyB
173.172.14.239,R_yvzlCZpB4BUfmOl
2.56.32.40,R_7NGbJVc44iZLaKd
173.91.116.223,R_vjMttZ4PCQIhbDr
108.245.61.224,R_4HGIHzAntrtolzP
184.155.220.250,R_3h5zBIMvJKUxmqQ
73.104.209.25,R_31FbkvWF3mN9gkO
99.203.65.138,R_2fcYefCJ4PjRBcj
72.83.216.167,R_2w4FthvZTN4AJkg
75.191.66.58,R_2fCBPtXH92qe7LG
198.228.68.112,R_3nSZUWUBUB3x9NB
23.94.24.12,R_3gSktw02wcCWrVv
76.185.96.134,R_5ckeRAB8pLFb0Zj
24.250.245.221,R_3oR3ynShFD1kBNH
73.124.103.214,R_2aIuAHSvhTgiYEl
73.30.220.40,R_27yrI8UezZLnJ8G
184.81.141.4,R_UcnryoppRIN3S1z
73.189.164.239,R_ZauOaka1lcfkFGh
73.170.214.147,R_3M4h7Pk2U8XYlYf
73.204.29.181,R_24pjYrRkyFrOXSX
172.73.145.18,R_1IpdMhMPMNBwOcW
98.227.171.236,R_3CpfMsT1NOwZRND
47.13.209.137,R_2xY8R8YxaMD1rHq
108.236.54.29,R_C1R525u5Z5VTSnf
76.108.185.187,R_p4X2V4x7mxHyDKN
75.70.79.50,R_zeRSOZVVKDTnNsd
196.17.64.122,R_3G1GYCVUlN3z5fU
100.4.173.209,R_3s7lt8tWDsAjrOh
76.106.175.215,R_22ESN3t6c7a5N5N
98.213.22.242,R_sT2MnNAxsFw1NKN
73.90.151.223,R_1BQkPsBx15sjNLI
73.8.77.184,R_23Ts7QAmRCDsvQQ
162.211.34.200,R_3dEYWmg7FOfH5hD
198.228.68.17,R_2qgbFsPhAUtZCOz
73.131.247.202,R_0kZI83P9OAvpSgh
96.40.120.90,R_2y48Tvh6JC5lgJz
64.71.185.232,R_UxpvvhIesRR0NRD
69.246.69.99,R_3erYa95pCyJfBSJ
98.199.210.40,R_3fAWBBn9nD5ewqi
98.187.254.87,R_3qlj2ym0FFcWzPE
196.17.67.35,R_2uqeplz4bys4WWr
73.19.50.133,R_3KJiWXq1E8cPQST
47.7.72.39,R_2EmHcyvzkg2LRap
68.96.171.71,R_1H5e7jA6hJnsTtS
76.103.166.48,R_1jVMX9yN7wXx956
72.197.160.248,R_2YleMJXCGNZVXx6
75.71.155.26,R_24wxJSrbZDRgc6t
173.248.155.138,R_RtdXBLKYJodWJix
71.204.170.129,R_1jHSIsN7gfkchrP
209.234.253.126,R_2uX8qfy2giEcGs0
73.4.132.77,R_29gq1UqnwJGKYmJ
69.61.31.194,R_2s1MPuiTiBWdPsI
104.37.31.123,R_204qKE7QVPFKAIV
193.39.186.116,R_3NR5em1HkXbyf3u
66.154.97.75,R_OBQItLyq5AvoU6J
199.115.102.154,R_1hYJiLfc2exztnT
38.68.53.27,R_1ptD9IqcFb02LyJ
24.252.97.186,R_3G6u5yQoAg7CbL6
73.188.127.17,R_3JDBj5M6Sc2nW9k
98.212.216.116,R_3k7Y7SfPJfEwAV5
70.168.39.234,R_1GUPbzrTcMIK0Zt
104.48.133.246,R_3LYjZWk6a2LOVMr
198.134.109.136,R_2q1Sy5b6hLHSvH2
98.197.93.42,R_31oxznLX5myjET7
38.68.50.120,R_2y3l79v63B6eaDy
73.176.162.41,R_20THGXruyCoYc9L
73.243.193.88,R_pKIAz1uzWPPjZ5f
38.68.53.9,R_3gNvdJJfyJqpKh8
104.37.172.55,R_3dTathz2KtZlYlx
73.190.104.11,R_1C9YlJLNxPiYYk1
173.65.4.74,R_tJq1BENtlZAvTK9
100.7.74.154,R_3yhnIjvyQa9CX1D
73.65.228.72,R_1NCImRJQ1KhBN57
196.17.66.13,R_1hSg9uKqt2aTbcP
99.38.148.34,R_3pav7qhw1y7BsDK
107.173.176.132,R_cMDMqqCAWBPHSwx
98.212.192.193,R_3npHsSBlPjeFem1
65.249.165.13,R_3fCPOLIbNAoQSSz
97.95.195.16,R_25NHxk9Z7isjhNv
199.115.98.154,R_3iEZHG3Udxva4dw
24.237.158.232,R_12F3vi5dW0LNbXn
73.94.234.147,R_2EAHnzVDb0fM6tT
136.37.196.109,R_ukd9YrRLW87XbDX
70.177.107.225,R_21HXLB78uNO5ndY
65.249.173.12,R_1g2u64AH1NavBgo
144.92.38.231,R_3nTrz2RZw0xiOAX
68.44.247.228,R_2rPB9KPvbD73Zj2
68.204.203.77,R_2uNx94DyK3Jafye
198.228.69.6,R_Rk2xiY4WLRzwOdP
50.39.183.54,R_1Eha5une81r0lUu
24.15.223.167,R_10Z731yTl6GgvuK
181.215.88.77,R_3Hq9OMBAHk4Guz4
73.6.143.99,R_1eKQYEYDnDWVqYw
50.114.85.232,R_1GZBXGZsHZh9aEs
70.175.35.66,R_1f9tYLOlGA6QbZd
198.228.81.144,R_2wc6AwJuTMABC6W
38.68.53.24,R_2amMYbLD4zhjqFw
68.9.87.234,R_2V9ZCC7xUlxDpai
73.8.213.194,R_puEZZQceuSJz4c1
68.39.131.208,R_1gbSA0knEuSatHd
107.5.88.103,R_2YRJeXCrIquFfrt
68.109.52.221,R_UEEMvDOq4Byu6Ix
108.45.76.244,R_3mac2ShXJuZWXNa
45.56.174.173,R_3RaOhYK43Eult5O
97.97.48.107,R_1DMSCr311pSSPJs
174.83.167.122,R_4ZA3xoIrI3C6HyV
73.198.53.97,R_3Pk1Y4mr9Pq1gGC
207.44.30.102,R_3XgG5L0Easxdydr
72.207.19.9,R_1C1JZUZ0KsbuZ0f
73.166.210.5,R_xctPy7jUiHIyzFD
174.250.67.115,R_2v684cWP7YXHuXH
98.181.200.247,R_2788QWe1yKfji5x
72.200.208.45,R_2D5mFnxXrXYSJv9
73.122.217.12,R_SUiFnoJxDc48UEx
208.103.124.6,R_1jcTtBZLkCOciIq
196.16.110.9,R_3PGmxoUDUBTg5jk
173.88.8.208,R_123ag3IuBBwDdB8
98.193.202.85,R_2EGFv08cYvucJtv
216.227.90.118,R_2TL5yuDZlhQNMBg
172.221.3.90,R_31t4qdHUnaZssd8
167.71.100.233,R_r2C5c9RoZCJTYZz
73.123.202.61,R_2uVesGMCsqPAAQT
108.12.199.57,R_ugJt3JgJEsNPMpH
173.21.116.126,R_2TIfDE08qjh1nB7
99.56.190.49,R_1g0mVArHZlZX0Ic
73.255.15.105,R_1JWvUXIwNg7KZ5n
71.236.67.104,R_2dXOR8I6KvrmQiF
76.187.203.234,R_24jZGgoQttsxyzU
104.186.234.163,R_5tnMCliEi248GPL
75.161.194.178,R_1OCXU1UZtt6qmRf
68.61.24.76,R_2ds8qQPbv0Hx7If
98.198.82.31,R_1q9A6xPi8zce10O
68.100.27.97,R_3kGG0wQwJ5KG3ij
73.47.126.109,R_3r0oH8lMIH5jMkC
23.115.116.166,R_1eLCx083Mh2YCVw
107.174.83.11,R_0JxIpLGrj3JFVh7
198.228.69.74,R_2dA8MaEFomAUJ3u
40.122.111.44,R_BX4iU7rebRlk0zD
72.182.120.20,R_3gNQBJcnlXJbq8w
192.69.241.254,R_2s5cNhFOVwancOC
47.41.43.54,R_2YDiBRt7QWEKC5O
65.102.191.219,R_2ZEzWFWzD5keFD4
196.17.64.13,R_OOjNJTjPKTlNQfn
38.68.50.125,R_1LNmCRdJQrJwgTo
209.95.90.134,R_6XPyTAfTs6VvFXH
38.68.52.150,R_2OPAHtbdK6QITkF
92.119.177.94,R_2TSMxqlHvnHpacF
64.137.69.71,R_vDmamSxQao4nEfD
73.189.147.24,R_2B5w20W1lOG8Ab4
8.44.142.129,R_3LYdHHQmYp4VDzQ
157.50.176.94,R_22z6sxiL4Vd9pQp
196.17.66.74,R_2OPGtH7X5LGhh1N
73.1.25.60,R_3iOv6QQrpkxt2nZ
73.207.115.107,R_2VLcwLLx0Hs70BB
72.194.254.11,R_3kAhWwVMNghbOrm
181.214.248.154,R_3ekKVyo6dzxkvlb
52.15.49.123,R_D01CEchOVdRV8pr
107.172.153.10,R_1mObgOxRO17rI4U
38.68.36.37,R_VWrrx5KMGPWxytH
38.68.53.16,R_1MRizCvYOj0xyWf
45.23.244.107,R_3putRsXPRSaGDZG
23.81.64.133,R_s5x5HV2WINhnufv
73.168.180.42,R_00R9p08nUoD0MjD
131.100.2.106,R_TwvXqzjaIQdYKCl
66.30.160.27,R_zTgZ9pv52zOubeh
198.228.81.144,R_10vlgFbBvXQ7yso
38.68.50.111,R_3NBPM4nYJ6nAp4A
68.102.28.72,R_3g7t4UuGKVrq5Y0
71.28.171.145,R_3Hv8eOvdbLfqPnD
196.16.109.202,R_u9OMdL334FSp7m9
192.227.231.145,R_2653FafTLl0gcq6
76.187.15.162,R_2uICK5uyqrGUVGD
104.168.111.194,R_3MSAmr3rtIYx7Wv
104.220.32.57,R_2YifmwGl7R3bbt1
184.166.55.144,R_Dq7qfQaIyZubEL7
24.144.17.208,R_1kYprCw8z3cjVzU
73.210.77.141,R_1Kvwr2NQh50JxyT
205.152.158.201,R_3LYVMle1nTCyS7C
181.215.93.116,R_1gjBAjfpJCZlYVE
107.209.98.121,R_302HTvnh5juLMR2
191.96.59.114,R_pslOcts2c6Oyh3z
68.50.182.17,R_tJWRO8NR5T3eLcJ
38.68.50.116,R_9B6qjUkU5pzPIt3
105.112.112.245,R_yNHFQTDKlbxihIB
172.72.42.234,R_31oZcJjxZt7Z8gQ
198.228.81.114,R_1yHIIaasYCvuxrz
73.169.255.242,R_27Kbcpfw4Dr6Q1d
73.185.38.166,R_1gkL7N4iYNHoLxN
204.108.76.1,R_1f6ZXl2m11q7LS8
45.4.196.248,R_OD2qbMJV2Rn8sed
73.38.97.133,R_YQCazN6EfXE1Wb7
96.9.209.13,R_1gb7IvIc6TUfzZI
174.83.155.10,R_3J2e1czGXrPatie
208.192.16.211,R_3POipWsRn9spEzm
199.10.64.116,R_3RdMEZeZBlPWXaS
199.83.210.167,R_1Cmyyb45R0bSZFG
69.61.79.143,R_tXJoYu7WaTV5lxn
99.156.55.30,R_sL41C0iz71ZbExX
100.35.220.248,R_1JKGJChf9pyJE9y
181.214.101.208,R_BxhDOSJhfs7J56x
199.127.59.219,R_2sYAYg9MIRTTYgK
47.218.217.254,R_1OqR8KrCZMVce3E
107.199.228.171,R_1EZoe0yyc1OogDZ
71.77.155.238,R_1mWocXH2Z64r6Hw
72.190.94.25,R_22xbS6ck9cq4yDT
73.60.176.60,R_2fqb6BNMeSxDXx8
68.201.137.8,R_3X9UWXB3jqDKjh7
191.96.80.90,R_1gh9Nae0f52c73K
172.58.203.92,R_2U6ln08Zt4pkt5z
73.229.206.39,R_2ahM2DqojgICLTr
73.231.51.226,R_29dnPD3pJXBsKT2
23.19.74.164,R_3FIH16EgLMnBE2r
69.138.198.140,R_2SDh7Wrz02HZYkk
24.102.221.77,R_D03DsdoA7AgiGl3
73.158.55.5,R_1E7m1WkzrzJ9EtN
73.235.136.219,R_1CpfvohJV8WNxbw
100.36.133.136,R_29aWTn0mMfokT54
45.35.120.194,R_RnvtaUdlO3Q7g2d
23.95.68.106,R_s51QRDow3cVki41
64.145.93.138,R_2uyximzikuXAXC5
73.151.237.186,R_3impw9vkWbSUKY5
24.13.209.156,R_3JyjvX64EcTdgjU
24.23.207.240,R_2VqfFJxTne85yFr
24.253.209.22,R_2zpCJtRu1Gdl3aY
108.34.225.234,R_Xk71ZmemgAg80xP
73.84.236.181,R_eFhM9urdHB9EEk9
70.112.178.181,R_3UesHbzyYm0YCHf
99.203.20.127,R_3qCgRnFr62PTkm8
71.236.67.104,R_02ou1yfDSMxnZWp
70.94.200.79,R_1mkJPHsk1Tr2YEb
70.122.33.125,R_21gLXoUDAeycVxn
207.171.252.245,R_3KYC0KwpLa1KVyA
67.171.0.169,R_23UBQDHwY8bdMlO
71.234.20.34,R_2ly4JQAbtfAv98R
208.180.246.184,R_12EXF04kqB8Szfv
68.36.215.223,R_2SAyVIWizxxh8RG
198.228.69.188,R_11j4Cl9OAtHKwUA
45.23.30.121,R_1Le7jlZLPynRk2n
72.205.246.114,R_3ElIYIumPHyrg9g
24.211.16.207,R_W1AaFcbrZrzXbeF
192.241.87.74,R_3fjC1woHcKwNTSn
172.93.164.32,R_3dFcqfMwxzCpcmi
97.99.75.40,R_prDy3tDputzeJvr
98.111.118.5,R_1LSBuAvrVKMumwE
196.17.66.83,R_2VeaSCfxHCekOCV
68.66.66.254,R_24jVXTCShc6joHU
68.183.48.47,R_3PNNHVGU7uADTmN
73.149.240.235,R_YVs7EFP7pThPtYt
73.125.12.13,R_eyOkpbqmg2c1zCV
69.61.79.140,R_1FPVbXKxhtzhAIL
69.143.68.246,R_WqHtfzrCl74pBsZ
73.73.209.146,R_e8VbojBhxSFvLcR
74.71.144.219,R_VUyZSSS2DytzU9H
47.197.60.46,R_3HRI2hQKOBDuHmp
66.172.203.23,R_1BQ4JYi6b2ACHBm
192.200.158.137,R_31jcdVEMhM1MSiX
184.153.218.160,R_33D70NaFB3hc05X
173.81.29.114,R_3fSwQxkoMEWQxAR
217.138.255.172,R_210oUItdKCWLyR6
76.93.180.74,R_2Wx3xHmpGl1OJvg
24.210.41.233,R_1ltmEo8F36KUAV7
68.56.77.126,R_a8XzziSW5a2cRbP
51.143.47.92,R_pT9pwCATCHkbFlL
192.121.82.72,R_3soHqqXl4nChPPt
73.249.18.69,R_sdOPRcqqISRJoRj
71.12.157.234,R_31t7rk8ZDQEz5uX
96.94.138.1,R_2sZpiwExPKDmic1
64.121.142.152,R_2EE7hwn2vzVnMCZ
73.155.27.62,R_32XwhetGfjgmWhK
38.68.53.14,R_3NKVznoTHIKdYda
45.56.174.81,R_PG4mpO2VZ7LrSUh
196.17.64.75,R_2164qBVJnwGKV5V
75.65.137.191,R_32UUNfuJcYYNXRs
107.172.250.238,R_3NFc8fUkF153Q7z
73.51.212.57,R_12gatlAxVfRUN8Q
24.127.213.231,R_3qItMmKoLHEAU96
99.60.175.169,R_10OiCCbc20UQk37
24.43.46.54,R_2Qy96TSGO6K2upW
108.185.8.0,R_1gAOWyPyw4PNWIR
71.69.160.127,R_1is7OAcVxIrCvje
67.141.252.111,R_2WDtjg1Typ7VXpg
68.201.148.204,R_VNX9dnNzFqe8Cfn
68.179.169.4,R_1gqMFmsB7FyaRUl
73.91.206.91,R_3q7kDwRCOsfEzru
184.99.79.104,R_2cnZQveMhFtDIUK
142.196.151.58,R_3F38A2h5VSKQdzU
99.140.234.175,R_1kFv05vYXFSpgKv
24.214.209.165,R_1hJWL3PcwyUc3uM
69.1.25.160,R_27qx24xQ1eoVeNP
196.16.111.201,R_23atmD7HS5by3ay
68.33.186.221,R_1rcPetZYdRsE1t5
35.138.238.49,R_3V3bpaaeHQuDsFH
107.175.17.12,R_26bFdlmau0XmDld
24.255.6.46,R_1Fb68RtEU6xOPtW
70.104.139.190,R_1r9AYTxLZ7KGHHR
174.60.71.230,R_2rxAAkx9BbiQ7IE
192.158.234.221,R_2YA604Aytr5gN9h
65.49.126.98,R_1guxxv3M1yi7sT9
104.192.69.247,R_qOUR59cG2dVIg4F
66.66.156.204,R_3HFURBQfkR3tAC9
185.170.56.100,R_3M5PjsRM1bpEiqg
24.28.108.163,R_ZfndLcVUWuRoK9X
38.68.52.151,R_xx9SNBzF0UmZuBb
72.17.88.13,R_2X53ykA3Mviftt1
73.155.27.163,R_3HjMKRy5cWCLVuN
98.255.245.125,R_1C8PUkUVdjbuExC
107.134.81.242,R_1F2O9OhICcyXvCd
72.202.60.101,R_2EzROmiGxEpkBxP
65.132.105.118,R_2dm4nVCMa4HLSDN
73.72.119.197,R_1dgVVHsSqAJ3gRe
12.187.175.72,R_3lJPZAIQXMKbkxJ
137.25.225.78,R_1LomTsV021XgwKs
63.117.154.195,R_eIOeSn4G9IaBZKx
24.28.168.145,R_XFnLoAupdvTi1rz
65.27.21.121,R_2uUnfLD5DabzcUx
68.1.199.142,R_zd9LFNYbhO3vF4t
172.245.5.154,R_rdWinHN1HGnYkvf
173.66.109.48,R_1K0zyjKg2IdZkVw
98.227.166.199,R_yKBu6PfaIzt0NKp
98.227.200.73,R_QcPnE7WcoTcgbkd
196.17.66.185,R_O8d0Y13exSQ5dHX
73.162.174.7,R_12nhfqSNGDwzLLp
47.148.165.215,R_2usMvCio4mLizwO
73.194.125.47,R_1ifj1cwpRScZb2q
64.145.93.34,R_2tfZkRlqzry2V6c
73.183.167.110,R_ptIoCjueab4isdb
45.4.199.87,R_2EGIKb54a65iDbe
24.161.19.209,R_21ESe9jD6WS22cu
70.122.138.84,R_1FQFt6WjdPChHFH
65.30.145.34,R_1KjceT7Rdp8Txwf
72.17.88.154,R_1i2ud9CgnrPKDyT
71.72.17.122,R_3EG4JrzHYgi3lYd
73.8.213.194,R_1gGD71aW7ckMG4z
144.202.28.212,R_AHdQVZyGB3mMfqF
73.36.223.250,R_2CInknTR1DU7WZn
73.85.12.33,R_0qZIYrnfEHVVMfD
174.128.226.18,R_2zDeDi8CZERGhVv
198.23.242.158,R_3iEF6oV6MsqyQsI
198.228.135.134,R_1KrOICwoeZPmLTZ
107.207.112.237,R_1gILwGLl57bKQYy
76.72.36.109,R_3fxwi05zgZ7Uzoh
75.177.104.109,R_1jwUByJE8hz5701
73.164.74.3,R_2VgUEXNGGi1OMqg
50.104.89.6,R_3j6W6Bzk28gpwkU
155.254.17.233,R_3Odg1PwI6UXD46e
70.250.74.160,R_x9jaGMAf66O0TC1
71.225.16.214,R_3HSrc3aGfKbwop8
73.25.221.251,R_12uoQfCCjbuG1o8
75.109.188.53,R_1QMKsszFAe3DKqE
68.96.106.90,R_1mgFN9eY6GdZw7D
162.202.248.18,R_3QO2CtQlcXsujOp
68.169.134.65,R_1HhimI1d1tAnegc
192.200.158.173,R_2zkgs0W7wT6WOEI
47.157.51.106,R_33yG4vk8uQhIAwC
74.130.255.167,R_2ydxjtayV2WL5Gh
73.162.217.171,R_2qDwZvfnCcUOG46
198.228.132.104,R_ZsAYx67pdB2Iaml
63.117.148.75,R_D6Lc3rTIqcfW7C1
68.97.61.150,R_3MijzCOFiKtss5L
73.183.130.196,R_yPAqwEGMvMZj9hT
24.62.12.37,R_uq8mO5jcx3WjCVz
68.183.48.47,R_22WU3epUccDyhQw
68.98.104.35,R_2vcBGHKfmiMAiac
50.25.69.85,R_3iXrQr69S39lCKk
47.145.124.111,R_2wT6enYlEKlY8TO
73.80.234.63,R_20Z0QC7PeYE8RlG
184.18.141.192,R_1hHiKw5Ac6oRSNm
192.3.53.104,R_32JksxDGDJFU6CR
73.121.127.224,R_27D0o5InbEPfLv1
23.114.232.88,R_26i3YoleeOFlW3z
45.46.160.244,R_263I1zQLzdLusXn
193.37.253.89,R_qUGlQdFo6DVMudz
75.139.184.183,R_2cpjHQwsXWwyoyH
71.69.4.163,R_3m8LzORvW8mma4B
107.174.39.92,R_3jZo6op25mPrH9G
73.71.87.24,R_2rNKTuP61xhzGaQ
73.201.242.76,R_3EyB3aZmWxXk8Eo
76.26.67.22,R_3lWxyL5jyLAek67
68.118.97.173,R_vdDItBbbTyS1l3b
73.166.143.28,R_3dLc53yC2I4Mq1j
70.90.152.249,R_XS6jH1uvpTceHvj
24.116.138.250,R_333wYYSHv7cElYV
24.165.220.26,R_1DMSeLsTTmwiyJz
69.12.64.145,R_UXUtB6TvmAx4UO5
68.100.217.182,R_1eCraEycSDBjffq
73.111.29.221,R_3JELgdalqudCwkg
157.46.23.123,R_28UiMz4WGAw9A7A
181.215.172.133,R_2P83Z1yavAUwYn6
76.174.33.4,R_2zIISFxORDl5k64
172.106.167.170,R_erH5BxMT36ZSKWd
181.214.96.153,R_12gp2hPvqWrlT5j
24.130.241.83,R_2OZMjrXvJXYxic8
172.58.83.48,R_2TMHikHLUI5jAva
196.17.66.63,R_23VsAMF4WwOaBb4
68.200.26.245,R_3jeWsKdP2SG9MvH
71.194.167.174,R_1lgHPxYs5CN7MTU
75.136.158.24,R_2Xb7yE7t9nCvhf9
154.13.55.11,R_24jHjE7isJC869T
184.101.15.19,R_0qZG7mOm8RRbzeF
198.228.132.227,R_3hrz63BiFq7mZMJ
73.240.82.174,R_BPpoy7UHJ5TtwpX
66.25.200.39,R_3ds1oWtIjfI6EP7
73.204.129.104,R_1PbLPwgdh3lBuFE
24.29.192.48,R_3svuXJ14x3QsIEY
209.203.197.167,R_25QRLGo3ySleuwx
73.51.212.57,R_OHlEFnVzo2SAkUh
162.198.201.8,R_3EFroSWCeB39laX
63.117.150.60,R_3dGhNZm9USSOXRD
70.170.124.51,R_2ZV9csQ1B11IsSx
73.44.173.152,R_2fdjlQpIfw8DFtG
174.251.69.90,R_3iy7bgmLJR8iqzs
167.88.60.246,R_1l6l3oB4ghVYqH7
196.17.65.110,R_2ZUByiVELZcwN0M
73.134.149.124,R_1QzUEIrJOKsq6ew
63.115.158.140,R_1ISLjPbLpBH1p9D
142.197.43.44,R_e2lI5tEHnwiISrf
98.235.87.102,R_1LSBRHdV448SBUy
196.17.67.142,R_3MtHthTQiVsTIVE
73.195.152.8,R_6D53he2RlFdzuj7
73.234.8.107,R_wWZiSxLiGDDcyC5
196.17.65.104,R_A7mST2ihiwOX4cN
76.95.9.5,R_2EhtVfu8qXjm1Mc
24.88.233.215,R_3fqQ9byuy9zG318
68.1.199.142,R_3MFMiblR48Z646E
71.81.209.150,R_s5Q1OHFGFGLjho5
76.192.109.125,R_12xs5RMjVb1Oi4n
70.39.102.190,R_8CHVvyVKVPz2MQp
71.202.111.85,R_1OZesoUVYWke2da
68.62.113.111,R_2VPDtBR25ZrljDY
68.229.211.155,R_3n0hVqfB2M90HUo
181.215.145.120,R_3GpSnDHDmYUPRwy
73.198.193.53,R_2rkk1h5ICSSFuNq
76.174.126.142,R_z6wp9K6EKFfvbRn
75.27.148.248,R_3NPztN3lNrlrqaM
72.73.16.96,R_1lhH0INNgkgpTcy
98.240.124.214,R_A6xLkguoY1PjGOR
107.184.250.171,R_3e3uWTSGQPrLJDg
64.145.93.75,R_pTdwbRHzO3dpXsl
184.90.1.43,R_1DwntCExX1wLSF3
47.204.36.111,R_sXpEH0pPQDUOsuJ
67.211.45.159,R_ekPXt6RodaY5omB
24.91.180.31,R_3KCMaqtBnC3WL3H
47.33.14.44,R_1QowzVN5DJE9oZV
71.135.75.54,R_yU33l30hZaPKEeJ
64.121.142.152,R_3IQZgrpbPTWOxlB
74.132.204.1,R_XA5FYZJEI22NV0R
65.30.189.173,R_BrDjVmyB3HNVLr3
152.86.95.99,R_XTZTx6JQzs1YO9b
45.56.174.68,R_3gNrF430wHkRc88
174.72.224.103,R_33w0Ykd7Z5LHSDA
47.41.79.5,R_1Cr46vCm53PRTiQ
23.95.238.134,R_sjIRKL6Gf46sKsN
73.20.67.33,R_1d16GDl0VZJmFCH
72.176.54.19,R_eM9Tg8vizGP1C4V
199.115.98.234,R_8BcJcLvUwH6bPB7
173.217.113.124,R_3nMzr3fPBpA7B7M
73.140.35.39,R_3kAmgdLgrYhnAfi
208.87.96.242,R_3MAt7d1cscusIXE
71.38.139.122,R_21uHhoHvJlAOUvT
64.50.246.12,R_1Hbk2OkMajeIxZj
73.115.134.79,R_vdHW4wcwKSMRVa9
73.149.37.156,R_UzhM0ktCm6fZQEF
72.217.117.112,R_1kUgUqOfN9D17ii
98.200.203.5,R_1r2ZmQtLqviwh1H
71.88.42.10,R_3hiMpQcBLLfDkqf
196.196.13.44,R_2AGw96iaUjaL388
184.88.96.170,R_2CvqLx8GTTWOCdd
73.140.35.39,R_2QuCRylabS1t4FG
68.35.101.99,R_1LkxHW2E7x9NXMR
73.75.206.131,R_1nOVMAgVIaT4i6B
181.214.99.157,R_1mCxSILk39L5TZs
73.89.101.5,R_3huApNQV8ZsDmVJ
24.107.24.249,R_6grl2q6BFBH0aD7
47.33.14.44,R_1HoDwSlKPw7qJI7
47.33.210.132,R_30bZVU2BvCuDN29
107.13.96.48,R_1jeO6Z8itpSC1P5
73.210.210.180,R_VKKUgf84RyPUW8F
70.170.124.51,R_1jUqjbzvI1maUfZ
71.94.109.253,R_1FlBzYGQzTnoxDB
47.13.5.192,R_XYVm5s7z4sL67Yd
181.214.179.100,R_AMrdc4sYM61jCtr
24.2.183.204,R_2DLZcMG1yZsOvxR
73.5.161.242,R_DkLDRr97Klgdu49
73.201.224.228,R_RFjtfO7QoG2fDuF
173.169.37.214,R_5joK0PnoqQfUUql
8.44.142.132,R_2zdwOUtOTDKi7SG
68.41.90.166,R_21EvUsrp7xDpNsl
75.3.80.198,R_3qe7aDjXk0AwvOh
172.251.26.99,R_qzm3O8HFTHfP4Od
98.237.133.202,R_1Pc7cmE6q4jgSSM
75.6.209.188,R_1Ih27H6vu3GHMP3
71.211.173.14,R_1dhoYeEK7x8MQ9l
24.51.190.156,R_2TpJ3y08roQ7gUz
68.230.210.78,R_sESm7YyUKrt0hOx
24.21.174.175,R_31Tt35qP3VDwad6
24.17.31.129,R_1dbE4GOZ8ii3OXD
184.91.109.132,R_xu2RPLYtLO53aJH
137.25.189.183,R_2rvtyMnEYrs1GTv
73.46.79.2,R_2PdvQbyyIGFzx1I
157.50.138.180,R_ZCqamgodL0v6rRL
71.128.247.229,R_Dit6TgEnDj0n2lH
